{"is_touch_probe":false,"offset":{"x":5.935999870300293,"y":3.2809998989105225,"z":1.0}}