{"is_touch_probe":false,"offset":{"x":7.341000080108643,"y":5.76800012588501,"z":0.7360000014305115}}