{"is_touch_probe":false,"offset":{"x":8.258000373840332,"y":4.7220001220703125,"z":1.8700000047683716}}