{"offset":{"x":416231.42559999996,"y":416231.42559999996,"z":416231.42559999996}}