{"offset_x":0.10000000149011612,"offset_y":0.20000000298023224,"offset_z":0.30000001192092896}