{"is_touch_probe":false,"offset":{"x":6.617000102996826,"y":6.315999984741211,"z":1.9279999732971191}}